<?xml version="1.0"?>
<ShapeDefinitions xmlns:xsi="http://www.w3.org/2001/XMLSchema-instance" xmlns:xsd="http://www.w3.org/2001/XMLSchema">
  <BitmapFilePattern>{DllDir}\DirectOutputShapes.png</BitmapFilePattern>
  <Shapes>
    <Shape>
      <Name>Round1</Name>
      <BitmapFrameNumber>0</BitmapFrameNumber>
      <BitmapTop>1</BitmapTop>
      <BitmapLeft>1</BitmapLeft>
      <BitmapWidth>16</BitmapWidth>
      <BitmapHeight>16</BitmapHeight>
      <DataExtractMode>BlendPixels</DataExtractMode>
    </Shape>
    <Shape>
      <Name>Round2</Name>
      <BitmapFrameNumber>0</BitmapFrameNumber>
      <BitmapTop>1</BitmapTop>
      <BitmapLeft>35</BitmapLeft>
      <BitmapWidth>16</BitmapWidth>
      <BitmapHeight>16</BitmapHeight>
      <DataExtractMode>BlendPixels</DataExtractMode>
    </Shape>
    <Shape>
      <Name>Round3</Name>
      <BitmapFrameNumber>0</BitmapFrameNumber>
      <BitmapTop>1</BitmapTop>
      <BitmapLeft>69</BitmapLeft>
      <BitmapWidth>16</BitmapWidth>
      <BitmapHeight>16</BitmapHeight>
      <DataExtractMode>BlendPixels</DataExtractMode>
    </Shape>
    <Shape>
      <Name>Round4</Name>
      <BitmapFrameNumber>0</BitmapFrameNumber>
      <BitmapTop>1</BitmapTop>
      <BitmapLeft>103</BitmapLeft>
      <BitmapWidth>16</BitmapWidth>
      <BitmapHeight>16</BitmapHeight>
      <DataExtractMode>BlendPixels</DataExtractMode>
    </Shape>
    <Shape>
      <Name>Round5</Name>
      <BitmapFrameNumber>0</BitmapFrameNumber>
      <BitmapTop>1</BitmapTop>
      <BitmapLeft>137</BitmapLeft>
      <BitmapWidth>16</BitmapWidth>
      <BitmapHeight>16</BitmapHeight>
      <DataExtractMode>BlendPixels</DataExtractMode>
    </Shape>
    <Shape>
      <Name>Round6</Name>
      <BitmapFrameNumber>0</BitmapFrameNumber>
      <BitmapTop>1</BitmapTop>
      <BitmapLeft>171</BitmapLeft>
      <BitmapWidth>16</BitmapWidth>
      <BitmapHeight>16</BitmapHeight>
      <DataExtractMode>BlendPixels</DataExtractMode>
    </Shape>
    <Shape>
      <Name>Square1</Name>
      <BitmapFrameNumber>0</BitmapFrameNumber>
      <BitmapTop>1</BitmapTop>
      <BitmapLeft>375</BitmapLeft>
      <BitmapWidth>16</BitmapWidth>
      <BitmapHeight>16</BitmapHeight>
      <DataExtractMode>BlendPixels</DataExtractMode>
    </Shape>
    <Shape>
      <Name>Square2</Name>
      <BitmapFrameNumber>0</BitmapFrameNumber>
      <BitmapTop>1</BitmapTop>
      <BitmapLeft>392</BitmapLeft>
      <BitmapWidth>16</BitmapWidth>
      <BitmapHeight>16</BitmapHeight>
      <DataExtractMode>BlendPixels</DataExtractMode>
    </Shape>
    <Shape>
      <Name>Square3</Name>
      <BitmapFrameNumber>0</BitmapFrameNumber>
      <BitmapTop>1</BitmapTop>
      <BitmapLeft>409</BitmapLeft>
      <BitmapWidth>16</BitmapWidth>
      <BitmapHeight>16</BitmapHeight>
      <DataExtractMode>BlendPixels</DataExtractMode>
    </Shape>
    <Shape>
      <Name>Square4</Name>
      <BitmapFrameNumber>0</BitmapFrameNumber>
      <BitmapTop>1</BitmapTop>
      <BitmapLeft>426</BitmapLeft>
      <BitmapWidth>16</BitmapWidth>
      <BitmapHeight>16</BitmapHeight>
      <DataExtractMode>BlendPixels</DataExtractMode>
    </Shape>
    <Shape>
      <Name>Square5</Name>
      <BitmapFrameNumber>0</BitmapFrameNumber>
      <BitmapTop>1</BitmapTop>
      <BitmapLeft>443</BitmapLeft>
      <BitmapWidth>16</BitmapWidth>
      <BitmapHeight>16</BitmapHeight>
      <DataExtractMode>BlendPixels</DataExtractMode>
    </Shape>
    <Shape>
      <Name>Square6</Name>
      <BitmapFrameNumber>0</BitmapFrameNumber>
      <BitmapTop>1</BitmapTop>
      <BitmapLeft>460</BitmapLeft>
      <BitmapWidth>16</BitmapWidth>
      <BitmapHeight>16</BitmapHeight>
      <DataExtractMode>BlendPixels</DataExtractMode>
    </Shape>


    <Shape>
      <Name>Circle1</Name>
      <BitmapFrameNumber>0</BitmapFrameNumber>
      <BitmapTop>18</BitmapTop>
      <BitmapLeft>1</BitmapLeft>
      <BitmapWidth>16</BitmapWidth>
      <BitmapHeight>16</BitmapHeight>
      <DataExtractMode>BlendPixels</DataExtractMode>
    </Shape>
    <Shape>
      <Name>Circle2</Name>
      <BitmapFrameNumber>0</BitmapFrameNumber>
      <BitmapTop>18</BitmapTop>
      <BitmapLeft>18</BitmapLeft>
      <BitmapWidth>16</BitmapWidth>
      <BitmapHeight>16</BitmapHeight>
      <DataExtractMode>BlendPixels</DataExtractMode>
    </Shape>
    <Shape>
      <Name>Circle3</Name>
      <BitmapFrameNumber>0</BitmapFrameNumber>
      <BitmapTop>18</BitmapTop>
      <BitmapLeft>35</BitmapLeft>
      <BitmapWidth>16</BitmapWidth>
      <BitmapHeight>16</BitmapHeight>
      <DataExtractMode>BlendPixels</DataExtractMode>
    </Shape>
    <Shape>
      <Name>Circle4</Name>
      <BitmapFrameNumber>0</BitmapFrameNumber>
      <BitmapTop>18</BitmapTop>
      <BitmapLeft>52</BitmapLeft>
      <BitmapWidth>16</BitmapWidth>
      <BitmapHeight>16</BitmapHeight>
      <DataExtractMode>BlendPixels</DataExtractMode>
    </Shape>
    <Shape>
      <Name>Circle5</Name>
      <BitmapFrameNumber>0</BitmapFrameNumber>
      <BitmapTop>18</BitmapTop>
      <BitmapLeft>69</BitmapLeft>
      <BitmapWidth>16</BitmapWidth>
      <BitmapHeight>16</BitmapHeight>
      <DataExtractMode>BlendPixels</DataExtractMode>
    </Shape>
    <Shape>
      <Name>Circle6</Name>
      <BitmapFrameNumber>0</BitmapFrameNumber>
      <BitmapTop>18</BitmapTop>
      <BitmapLeft>86</BitmapLeft>
      <BitmapWidth>16</BitmapWidth>
      <BitmapHeight>16</BitmapHeight>
      <DataExtractMode>BlendPixels</DataExtractMode>
    </Shape>

    <Shape>
      <Name>Cross1</Name>
      <BitmapFrameNumber>0</BitmapFrameNumber>
      <BitmapTop>18</BitmapTop>
      <BitmapLeft>205</BitmapLeft>
      <BitmapWidth>16</BitmapWidth>
      <BitmapHeight>16</BitmapHeight>
      <DataExtractMode>BlendPixels</DataExtractMode>
    </Shape>
    <Shape>
      <Name>Cross2</Name>
      <BitmapFrameNumber>0</BitmapFrameNumber>
      <BitmapTop>18</BitmapTop>
      <BitmapLeft>222</BitmapLeft>
      <BitmapWidth>16</BitmapWidth>
      <BitmapHeight>16</BitmapHeight>
      <DataExtractMode>BlendPixels</DataExtractMode>
    </Shape>
    <Shape>
      <Name>Cross3</Name>
      <BitmapFrameNumber>0</BitmapFrameNumber>
      <BitmapTop>18</BitmapTop>
      <BitmapLeft>239</BitmapLeft>
      <BitmapWidth>16</BitmapWidth>
      <BitmapHeight>16</BitmapHeight>
      <DataExtractMode>BlendPixels</DataExtractMode>
    </Shape>
    <Shape>
      <Name>Cross4</Name>
      <BitmapFrameNumber>0</BitmapFrameNumber>
      <BitmapTop>18</BitmapTop>
      <BitmapLeft>256</BitmapLeft>
      <BitmapWidth>16</BitmapWidth>
      <BitmapHeight>16</BitmapHeight>
      <DataExtractMode>BlendPixels</DataExtractMode>
    </Shape>
    <Shape>
      <Name>Cross5</Name>
      <BitmapFrameNumber>0</BitmapFrameNumber>
      <BitmapTop>18</BitmapTop>
      <BitmapLeft>273</BitmapLeft>
      <BitmapWidth>16</BitmapWidth>
      <BitmapHeight>16</BitmapHeight>
      <DataExtractMode>BlendPixels</DataExtractMode>
    </Shape>
    <Shape>
      <Name>Cross6</Name>
      <BitmapFrameNumber>0</BitmapFrameNumber>
      <BitmapTop>18</BitmapTop>
      <BitmapLeft>290</BitmapLeft>
      <BitmapWidth>16</BitmapWidth>
      <BitmapHeight>16</BitmapHeight>
      <DataExtractMode>BlendPixels</DataExtractMode>
    </Shape>

    <Shape>
      <Name>Box1</Name>
      <BitmapFrameNumber>0</BitmapFrameNumber>
      <BitmapTop>35</BitmapTop>
      <BitmapLeft>239</BitmapLeft>
      <BitmapWidth>16</BitmapWidth>
      <BitmapHeight>16</BitmapHeight>
      <DataExtractMode>BlendPixels</DataExtractMode>
    </Shape>
    <Shape>
      <Name>Box2</Name>
      <BitmapFrameNumber>0</BitmapFrameNumber>
      <BitmapTop>35</BitmapTop>
      <BitmapLeft>256</BitmapLeft>
      <BitmapWidth>16</BitmapWidth>
      <BitmapHeight>16</BitmapHeight>
      <DataExtractMode>BlendPixels</DataExtractMode>
    </Shape>
    <Shape>
      <Name>Box3</Name>
      <BitmapFrameNumber>0</BitmapFrameNumber>
      <BitmapTop>35</BitmapTop>
      <BitmapLeft>273</BitmapLeft>
      <BitmapWidth>16</BitmapWidth>
      <BitmapHeight>16</BitmapHeight>
      <DataExtractMode>BlendPixels</DataExtractMode>
    </Shape>
    <Shape>
      <Name>Box4</Name>
      <BitmapFrameNumber>0</BitmapFrameNumber>
      <BitmapTop>35</BitmapTop>
      <BitmapLeft>290</BitmapLeft>
      <BitmapWidth>16</BitmapWidth>
      <BitmapHeight>16</BitmapHeight>
      <DataExtractMode>BlendPixels</DataExtractMode>
    </Shape>
    <Shape>
      <Name>Box5</Name>
      <BitmapFrameNumber>0</BitmapFrameNumber>
      <BitmapTop>35</BitmapTop>
      <BitmapLeft>307</BitmapLeft>
      <BitmapWidth>16</BitmapWidth>
      <BitmapHeight>16</BitmapHeight>
      <DataExtractMode>BlendPixels</DataExtractMode>
    </Shape>
    <Shape>
      <Name>Box6</Name>
      <BitmapFrameNumber>0</BitmapFrameNumber>
      <BitmapTop>35</BitmapTop>
      <BitmapLeft>324</BitmapLeft>
      <BitmapWidth>16</BitmapWidth>
      <BitmapHeight>16</BitmapHeight>
      <DataExtractMode>BlendPixels</DataExtractMode>
    </Shape>

    <Shape>
      <Name>Diamond1</Name>
      <BitmapFrameNumber>0</BitmapFrameNumber>
      <BitmapTop>35</BitmapTop>
      <BitmapLeft>613</BitmapLeft>
      <BitmapWidth>16</BitmapWidth>
      <BitmapHeight>16</BitmapHeight>
      <DataExtractMode>BlendPixels</DataExtractMode>
    </Shape>
    <Shape>
      <Name>Diamond2</Name>
      <BitmapFrameNumber>0</BitmapFrameNumber>
      <BitmapTop>35</BitmapTop>
      <BitmapLeft>630</BitmapLeft>
      <BitmapWidth>16</BitmapWidth>
      <BitmapHeight>16</BitmapHeight>
      <DataExtractMode>BlendPixels</DataExtractMode>
    </Shape>
    <Shape>
      <Name>Diamond3</Name>
      <BitmapFrameNumber>0</BitmapFrameNumber>
      <BitmapTop>35</BitmapTop>
      <BitmapLeft>647</BitmapLeft>
      <BitmapWidth>16</BitmapWidth>
      <BitmapHeight>16</BitmapHeight>
      <DataExtractMode>BlendPixels</DataExtractMode>
    </Shape>
    <Shape>
      <Name>Diamond4</Name>
      <BitmapFrameNumber>0</BitmapFrameNumber>
      <BitmapTop>35</BitmapTop>
      <BitmapLeft>664</BitmapLeft>
      <BitmapWidth>16</BitmapWidth>
      <BitmapHeight>16</BitmapHeight>
      <DataExtractMode>BlendPixels</DataExtractMode>
    </Shape>
    <Shape>
      <Name>Diamond5</Name>
      <BitmapFrameNumber>0</BitmapFrameNumber>
      <BitmapTop>35</BitmapTop>
      <BitmapLeft>681</BitmapLeft>
      <BitmapWidth>16</BitmapWidth>
      <BitmapHeight>16</BitmapHeight>
      <DataExtractMode>BlendPixels</DataExtractMode>
    </Shape>
    <Shape>
      <Name>Diamond6</Name>
      <BitmapFrameNumber>0</BitmapFrameNumber>
      <BitmapTop>35</BitmapTop>
      <BitmapLeft>698</BitmapLeft>
      <BitmapWidth>16</BitmapWidth>
      <BitmapHeight>16</BitmapHeight>
      <DataExtractMode>BlendPixels</DataExtractMode>
    </Shape>

    <Shape>
      <Name>Smiley</Name>
      <BitmapFrameNumber>0</BitmapFrameNumber>
      <BitmapTop>52</BitmapTop>
      <BitmapLeft>409</BitmapLeft>
      <BitmapWidth>16</BitmapWidth>
      <BitmapHeight>16</BitmapHeight>
      <DataExtractMode>BlendPixels</DataExtractMode>
    </Shape>
    <Shape>
      <Name>Frowny</Name>
      <BitmapFrameNumber>0</BitmapFrameNumber>
      <BitmapTop>52</BitmapTop>
      <BitmapLeft>426</BitmapLeft>
      <BitmapWidth>16</BitmapWidth>
      <BitmapHeight>16</BitmapHeight>
      <DataExtractMode>BlendPixels</DataExtractMode>
    </Shape>


    <ShapeAnimated>
      <Name>RoundPulse</Name>
      <BitmapFrameNumber>0</BitmapFrameNumber>
      <BitmapTop>1</BitmapTop>
      <BitmapLeft>1</BitmapLeft>
      <BitmapWidth>16</BitmapWidth>
      <BitmapHeight>16</BitmapHeight>
      <DataExtractMode>BlendPixels</DataExtractMode>
      <AnimationStepDirection>Right</AnimationStepDirection>
      <AnimationStepSize>17</AnimationStepSize>
      <AnimationFrameCount>20</AnimationFrameCount>
      <AnimationBehaviour>Continue</AnimationBehaviour>
      <AnimationFrameDurationMs>40</AnimationFrameDurationMs>
    </ShapeAnimated>
    <ShapeAnimated>
      <Name>SquarePulse</Name>
      <BitmapFrameNumber>0</BitmapFrameNumber>
      <BitmapTop>1</BitmapTop>
      <BitmapLeft>341</BitmapLeft>
      <BitmapWidth>16</BitmapWidth>
      <BitmapHeight>16</BitmapHeight>
      <DataExtractMode>BlendPixels</DataExtractMode>
      <AnimationStepDirection>Right</AnimationStepDirection>
      <AnimationStepSize>17</AnimationStepSize>
      <AnimationFrameCount>14</AnimationFrameCount>
      <AnimationBehaviour>Continue</AnimationBehaviour>
      <AnimationFrameDurationMs>40</AnimationFrameDurationMs>
    </ShapeAnimated>
    <ShapeAnimated>
      <Name>CirclePulse</Name>
      <BitmapFrameNumber>0</BitmapFrameNumber>
      <BitmapTop>18</BitmapTop>
      <BitmapLeft>1</BitmapLeft>
      <BitmapWidth>16</BitmapWidth>
      <BitmapHeight>16</BitmapHeight>
      <DataExtractMode>BlendPixels</DataExtractMode>
      <AnimationStepDirection>Right</AnimationStepDirection>
      <AnimationStepSize>17</AnimationStepSize>
      <AnimationFrameCount>12</AnimationFrameCount>
      <AnimationBehaviour>Continue</AnimationBehaviour>
      <AnimationFrameDurationMs>40</AnimationFrameDurationMs>
    </ShapeAnimated>
    <ShapeAnimated>
      <Name>CrossPulse</Name>
      <BitmapFrameNumber>0</BitmapFrameNumber>
      <BitmapTop>18</BitmapTop>
      <BitmapLeft>205</BitmapLeft>
      <BitmapWidth>16</BitmapWidth>
      <BitmapHeight>16</BitmapHeight>
      <DataExtractMode>BlendPixels</DataExtractMode>
      <AnimationStepDirection>Right</AnimationStepDirection>
      <AnimationStepSize>17</AnimationStepSize>
      <AnimationFrameCount>11</AnimationFrameCount>
      <AnimationBehaviour>Continue</AnimationBehaviour>
      <AnimationFrameDurationMs>40</AnimationFrameDurationMs>
    </ShapeAnimated>
    <ShapeAnimated>
      <Name>LeftRight</Name>
      <BitmapFrameNumber>0</BitmapFrameNumber>
      <BitmapTop>1</BitmapTop>
      <BitmapLeft>579</BitmapLeft>
      <BitmapWidth>16</BitmapWidth>
      <BitmapHeight>16</BitmapHeight>
      <DataExtractMode>BlendPixels</DataExtractMode>
      <AnimationStepDirection>Right</AnimationStepDirection>
      <AnimationStepSize>17</AnimationStepSize>
      <AnimationFrameCount>12</AnimationFrameCount>
      <AnimationBehaviour>Continue</AnimationBehaviour>
      <AnimationFrameDurationMs>40</AnimationFrameDurationMs>
    </ShapeAnimated>
    <ShapeAnimated>
      <Name>VLinePulse</Name>
      <BitmapFrameNumber>0</BitmapFrameNumber>
      <BitmapTop>18</BitmapTop>
      <BitmapLeft>392</BitmapLeft>
      <BitmapWidth>16</BitmapWidth>
      <BitmapHeight>16</BitmapHeight>
      <DataExtractMode>BlendPixels</DataExtractMode>
      <AnimationStepDirection>Right</AnimationStepDirection>
      <AnimationStepSize>17</AnimationStepSize>
      <AnimationFrameCount>21</AnimationFrameCount>
      <AnimationBehaviour>Continue</AnimationBehaviour>
      <AnimationFrameDurationMs>40</AnimationFrameDurationMs>
    </ShapeAnimated>
    <ShapeAnimated>
      <Name>UpDown</Name>
      <BitmapFrameNumber>0</BitmapFrameNumber>
      <BitmapTop>35</BitmapTop>
      <BitmapLeft>1</BitmapLeft>
      <BitmapWidth>16</BitmapWidth>
      <BitmapHeight>16</BitmapHeight>
      <DataExtractMode>BlendPixels</DataExtractMode>
      <AnimationStepDirection>Right</AnimationStepDirection>
      <AnimationStepSize>17</AnimationStepSize>
      <AnimationFrameCount>12</AnimationFrameCount>
      <AnimationBehaviour>Continue</AnimationBehaviour>
      <AnimationFrameDurationMs>40</AnimationFrameDurationMs>
    </ShapeAnimated>
    <ShapeAnimated>
      <Name>SquarePlop</Name>
      <BitmapFrameNumber>0</BitmapFrameNumber>
      <BitmapTop>35</BitmapTop>
      <BitmapLeft>205</BitmapLeft>
      <BitmapWidth>16</BitmapWidth>
      <BitmapHeight>16</BitmapHeight>
      <DataExtractMode>BlendPixels</DataExtractMode>
      <AnimationStepDirection>Right</AnimationStepDirection>
      <AnimationStepSize>17</AnimationStepSize>
      <AnimationFrameCount>11</AnimationFrameCount>
      <AnimationBehaviour>Continue</AnimationBehaviour>
      <AnimationFrameDurationMs>40</AnimationFrameDurationMs>
    </ShapeAnimated>
    <ShapeAnimated>
      <Name>RoundAndRound</Name>
      <BitmapFrameNumber>0</BitmapFrameNumber>
      <BitmapTop>35</BitmapTop>
      <BitmapLeft>392</BitmapLeft>
      <BitmapWidth>16</BitmapWidth>
      <BitmapHeight>16</BitmapHeight>
      <DataExtractMode>BlendPixels</DataExtractMode>
      <AnimationStepDirection>Right</AnimationStepDirection>
      <AnimationStepSize>17</AnimationStepSize>
      <AnimationFrameCount>10</AnimationFrameCount>
      <AnimationBehaviour>Continue</AnimationBehaviour>
      <AnimationFrameDurationMs>40</AnimationFrameDurationMs>
    </ShapeAnimated>
    <ShapeAnimated>
      <Name>DiamondPulse</Name>
      <BitmapFrameNumber>0</BitmapFrameNumber>
      <BitmapTop>35</BitmapTop>
      <BitmapLeft>562</BitmapLeft>
      <BitmapWidth>16</BitmapWidth>
      <BitmapHeight>16</BitmapHeight>
      <DataExtractMode>BlendPixels</DataExtractMode>
      <AnimationStepDirection>Right</AnimationStepDirection>
      <AnimationStepSize>17</AnimationStepSize>
      <AnimationFrameCount>16</AnimationFrameCount>
      <AnimationBehaviour>Continue</AnimationBehaviour>
      <AnimationFrameDurationMs>40</AnimationFrameDurationMs>
    </ShapeAnimated>
    <ShapeAnimated>
      <Name>DiamondBoxPulse</Name>
      <BitmapFrameNumber>0</BitmapFrameNumber>
      <BitmapTop>52</BitmapTop>
      <BitmapLeft>1</BitmapLeft>
      <BitmapWidth>16</BitmapWidth>
      <BitmapHeight>16</BitmapHeight>
      <DataExtractMode>BlendPixels</DataExtractMode>
      <AnimationStepDirection>Right</AnimationStepDirection>
      <AnimationStepSize>17</AnimationStepSize>
      <AnimationFrameCount>24</AnimationFrameCount>
      <AnimationBehaviour>Continue</AnimationBehaviour>
      <AnimationFrameDurationMs>40</AnimationFrameDurationMs>
    </ShapeAnimated>
    <ShapeAnimated>
      <Name>FillTopBottom</Name>
      <BitmapFrameNumber>0</BitmapFrameNumber>
      <BitmapTop>69</BitmapTop>
      <BitmapLeft>1</BitmapLeft>
      <BitmapWidth>16</BitmapWidth>
      <BitmapHeight>16</BitmapHeight>
      <DataExtractMode>BlendPixels</DataExtractMode>
      <AnimationStepDirection>Right</AnimationStepDirection>
      <AnimationStepSize>17</AnimationStepSize>
      <AnimationFrameCount>13</AnimationFrameCount>
      <AnimationBehaviour>Continue</AnimationBehaviour>
      <AnimationFrameDurationMs>40</AnimationFrameDurationMs>
    </ShapeAnimated>
    <ShapeAnimated>
      <Name>FillBottomTop</Name>
      <BitmapFrameNumber>0</BitmapFrameNumber>
      <BitmapTop>69</BitmapTop>
      <BitmapLeft>205</BitmapLeft>
      <BitmapWidth>16</BitmapWidth>
      <BitmapHeight>16</BitmapHeight>
      <DataExtractMode>BlendPixels</DataExtractMode>
      <AnimationStepDirection>Right</AnimationStepDirection>
      <AnimationStepSize>-17</AnimationStepSize>
      <AnimationFrameCount>13</AnimationFrameCount>
      <AnimationBehaviour>Continue</AnimationBehaviour>
      <AnimationFrameDurationMs>40</AnimationFrameDurationMs>
    </ShapeAnimated>
    <ShapeAnimated>
      <Name>FillLeftRight</Name>
      <BitmapFrameNumber>0</BitmapFrameNumber>
      <BitmapTop>69</BitmapTop>
      <BitmapLeft>222</BitmapLeft>
      <BitmapWidth>16</BitmapWidth>
      <BitmapHeight>16</BitmapHeight>
      <DataExtractMode>BlendPixels</DataExtractMode>
      <AnimationStepDirection>Right</AnimationStepDirection>
      <AnimationStepSize>17</AnimationStepSize>
      <AnimationFrameCount>13</AnimationFrameCount>
      <AnimationBehaviour>Continue</AnimationBehaviour>
      <AnimationFrameDurationMs>40</AnimationFrameDurationMs>
    </ShapeAnimated>
    <ShapeAnimated>
      <Name>FillRightLeft</Name>
      <BitmapFrameNumber>0</BitmapFrameNumber>
      <BitmapTop>69</BitmapTop>
      <BitmapLeft>460</BitmapLeft>
      <BitmapWidth>16</BitmapWidth>
      <BitmapHeight>16</BitmapHeight>
      <DataExtractMode>BlendPixels</DataExtractMode>
      <AnimationStepDirection>Right</AnimationStepDirection>
      <AnimationStepSize>-17</AnimationStepSize>
      <AnimationFrameCount>13</AnimationFrameCount>
      <AnimationBehaviour>Continue</AnimationBehaviour>
      <AnimationFrameDurationMs>40</AnimationFrameDurationMs>
    </ShapeAnimated>
    <ShapeAnimated>
      <Name>PointPlop</Name>
      <BitmapFrameNumber>0</BitmapFrameNumber>
      <BitmapTop>1</BitmapTop>
      <BitmapLeft>783</BitmapLeft>
      <BitmapWidth>16</BitmapWidth>
      <BitmapHeight>16</BitmapHeight>
      <DataExtractMode>BlendPixels</DataExtractMode>
      <AnimationStepDirection>Right</AnimationStepDirection>
      <AnimationStepSize>17</AnimationStepSize>
      <AnimationFrameCount>8</AnimationFrameCount>
      <AnimationBehaviour>Continue</AnimationBehaviour>
      <AnimationFrameDurationMs>40</AnimationFrameDurationMs>
    </ShapeAnimated>
    <ShapeAnimated>
      <Name>ArrowRight</Name>
      <BitmapFrameNumber>0</BitmapFrameNumber>
      <BitmapTop>52</BitmapTop>
      <BitmapLeft>475</BitmapLeft>
      <BitmapWidth>16</BitmapWidth>
      <BitmapHeight>16</BitmapHeight>
      <DataExtractMode>BlendPixels</DataExtractMode>
      <AnimationStepDirection>Right</AnimationStepDirection>
      <AnimationStepSize>-2</AnimationStepSize>
      <AnimationFrameCount>16</AnimationFrameCount>
      <AnimationBehaviour>Continue</AnimationBehaviour>
      <AnimationFrameDurationMs>40</AnimationFrameDurationMs>
    </ShapeAnimated>
    <ShapeAnimated>
      <Name>ArrowLeft</Name>
      <BitmapFrameNumber>0</BitmapFrameNumber>
      <BitmapTop>52</BitmapTop>
      <BitmapLeft>494</BitmapLeft>
      <BitmapWidth>16</BitmapWidth>
      <BitmapHeight>16</BitmapHeight>
      <DataExtractMode>BlendPixels</DataExtractMode>
      <AnimationStepDirection>Right</AnimationStepDirection>
      <AnimationStepSize>-2</AnimationStepSize>
      <AnimationFrameCount>16</AnimationFrameCount>
      <AnimationBehaviour>Continue</AnimationBehaviour>
      <AnimationFrameDurationMs>40</AnimationFrameDurationMs>
    </ShapeAnimated>
    <ShapeAnimated>
      <Name>ColorSwirl</Name>
      <BitmapFrameNumber>0</BitmapFrameNumber>
      <BitmapTop>86</BitmapTop>
      <BitmapLeft>1</BitmapLeft>
      <BitmapWidth>16</BitmapWidth>
      <BitmapHeight>16</BitmapHeight>
      <DataExtractMode>BlendPixels</DataExtractMode>
      <AnimationStepDirection>Right</AnimationStepDirection>
      <AnimationStepSize>17</AnimationStepSize>
      <AnimationFrameCount>8</AnimationFrameCount>
      <AnimationBehaviour>Continue</AnimationBehaviour>
      <AnimationFrameDurationMs>40</AnimationFrameDurationMs>
    </ShapeAnimated>
    <ShapeAnimated>
      <Name>ColorBurst</Name>
      <BitmapFrameNumber>0</BitmapFrameNumber>
      <BitmapTop>86</BitmapTop>
      <BitmapLeft>137</BitmapLeft>
      <BitmapWidth>16</BitmapWidth>
      <BitmapHeight>16</BitmapHeight>
      <DataExtractMode>BlendPixels</DataExtractMode>
      <AnimationStepDirection>Right</AnimationStepDirection>
      <AnimationStepSize>17</AnimationStepSize>
      <AnimationFrameCount>29</AnimationFrameCount>
      <AnimationBehaviour>Continue</AnimationBehaviour>
      <AnimationFrameDurationMs>40</AnimationFrameDurationMs>
    </ShapeAnimated>
<Shape>
      <Name>Exclamation</Name>
      <BitmapFrameNumber>0</BitmapFrameNumber>
      <BitmapTop>254</BitmapTop>
      <BitmapLeft>1</BitmapLeft>
      <BitmapWidth>7</BitmapWidth>
      <BitmapHeight>7</BitmapHeight>
      <DataExtractMode>BlendPixels</DataExtractMode>
    </Shape>

<Shape>
      <Name>QuotationMarks</Name>
      <BitmapFrameNumber>0</BitmapFrameNumber>
      <BitmapTop>254</BitmapTop>
      <BitmapLeft>9</BitmapLeft>
      <BitmapWidth>7</BitmapWidth>
      <BitmapHeight>7</BitmapHeight>
      <DataExtractMode>BlendPixels</DataExtractMode>
    </Shape>

<Shape>
      <Name>Pound</Name>
      <BitmapFrameNumber>0</BitmapFrameNumber>
      <BitmapTop>254</BitmapTop>
      <BitmapLeft>17</BitmapLeft>
      <BitmapWidth>7</BitmapWidth>
      <BitmapHeight>7</BitmapHeight>
      <DataExtractMode>BlendPixels</DataExtractMode>
    </Shape>

<Shape>
      <Name>Percent</Name>
      <BitmapFrameNumber>0</BitmapFrameNumber>
      <BitmapTop>254</BitmapTop>
      <BitmapLeft>33</BitmapLeft>
      <BitmapWidth>7</BitmapWidth>
      <BitmapHeight>7</BitmapHeight>
      <DataExtractMode>BlendPixels</DataExtractMode>
    </Shape>

<Shape>
      <Name>Apostrophe</Name>
      <BitmapFrameNumber>0</BitmapFrameNumber>
      <BitmapTop>254</BitmapTop>
      <BitmapLeft>49</BitmapLeft>
      <BitmapWidth>7</BitmapWidth>
      <BitmapHeight>7</BitmapHeight>
      <DataExtractMode>BlendPixels</DataExtractMode>
    </Shape>

<Shape>
      <Name>LeftBracket</Name>
      <BitmapFrameNumber>0</BitmapFrameNumber>
      <BitmapTop>254</BitmapTop>
      <BitmapLeft>57</BitmapLeft>
      <BitmapWidth>7</BitmapWidth>
      <BitmapHeight>7</BitmapHeight>
      <DataExtractMode>BlendPixels</DataExtractMode>
    </Shape>

<Shape>
      <Name>RightBracket</Name>
      <BitmapFrameNumber>0</BitmapFrameNumber>
      <BitmapTop>254</BitmapTop>
      <BitmapLeft>65</BitmapLeft>
      <BitmapWidth>7</BitmapWidth>
      <BitmapHeight>7</BitmapHeight>
      <DataExtractMode>BlendPixels</DataExtractMode>
    </Shape>

<Shape>
      <Name>Times</Name>
      <BitmapFrameNumber>0</BitmapFrameNumber>
      <BitmapTop>254</BitmapTop>
      <BitmapLeft>73</BitmapLeft>
      <BitmapWidth>7</BitmapWidth>
      <BitmapHeight>7</BitmapHeight>
      <DataExtractMode>BlendPixels</DataExtractMode>
    </Shape>

<Shape>
      <Name>Plus</Name>
      <BitmapFrameNumber>0</BitmapFrameNumber>
      <BitmapTop>254</BitmapTop>
      <BitmapLeft>81</BitmapLeft>
      <BitmapWidth>7</BitmapWidth>
      <BitmapHeight>7</BitmapHeight>
      <DataExtractMode>BlendPixels</DataExtractMode>
    </Shape>

<Shape>
      <Name>Comma</Name>
      <BitmapFrameNumber>0</BitmapFrameNumber>
      <BitmapTop>254</BitmapTop>
      <BitmapLeft>89</BitmapLeft>
      <BitmapWidth>7</BitmapWidth>
      <BitmapHeight>7</BitmapHeight>
      <DataExtractMode>BlendPixels</DataExtractMode>
    </Shape>

<Shape>
      <Name>Minus</Name>
      <BitmapFrameNumber>0</BitmapFrameNumber>
      <BitmapTop>254</BitmapTop>
      <BitmapLeft>97</BitmapLeft>
      <BitmapWidth>7</BitmapWidth>
      <BitmapHeight>7</BitmapHeight>
      <DataExtractMode>BlendPixels</DataExtractMode>
    </Shape>

<Shape>
      <Name>Period</Name>
      <BitmapFrameNumber>0</BitmapFrameNumber>
      <BitmapTop>254</BitmapTop>
      <BitmapLeft>105</BitmapLeft>
      <BitmapWidth>7</BitmapWidth>
      <BitmapHeight>7</BitmapHeight>
      <DataExtractMode>BlendPixels</DataExtractMode>
    </Shape>

<Shape>
      <Name>ForwardSlash</Name>
      <BitmapFrameNumber>0</BitmapFrameNumber>
      <BitmapTop>254</BitmapTop>
      <BitmapLeft>113</BitmapLeft>
      <BitmapWidth>7</BitmapWidth>
      <BitmapHeight>7</BitmapHeight>
      <DataExtractMode>BlendPixels</DataExtractMode>
    </Shape>

<Shape>
      <Name>Number0</Name>
      <BitmapFrameNumber>0</BitmapFrameNumber>
      <BitmapTop>254</BitmapTop>
      <BitmapLeft>121</BitmapLeft>
      <BitmapWidth>7</BitmapWidth>
      <BitmapHeight>7</BitmapHeight>
      <DataExtractMode>BlendPixels</DataExtractMode>
    </Shape>

<Shape>
      <Name>Number1</Name>
      <BitmapFrameNumber>0</BitmapFrameNumber>
      <BitmapTop>254</BitmapTop>
      <BitmapLeft>129</BitmapLeft>
      <BitmapWidth>7</BitmapWidth>
      <BitmapHeight>7</BitmapHeight>
      <DataExtractMode>BlendPixels</DataExtractMode>
    </Shape>

<Shape>
      <Name>Number2</Name>
      <BitmapFrameNumber>0</BitmapFrameNumber>
      <BitmapTop>254</BitmapTop>
      <BitmapLeft>137</BitmapLeft>
      <BitmapWidth>7</BitmapWidth>
      <BitmapHeight>7</BitmapHeight>
      <DataExtractMode>BlendPixels</DataExtractMode>
    </Shape>

<Shape>
      <Name>Number3</Name>
      <BitmapFrameNumber>0</BitmapFrameNumber>
      <BitmapTop>254</BitmapTop>
      <BitmapLeft>145</BitmapLeft>
      <BitmapWidth>7</BitmapWidth>
      <BitmapHeight>7</BitmapHeight>
      <DataExtractMode>BlendPixels</DataExtractMode>
    </Shape>

<Shape>
      <Name>Number4</Name>
      <BitmapFrameNumber>0</BitmapFrameNumber>
      <BitmapTop>254</BitmapTop>
      <BitmapLeft>153</BitmapLeft>
      <BitmapWidth>7</BitmapWidth>
      <BitmapHeight>7</BitmapHeight>
      <DataExtractMode>BlendPixels</DataExtractMode>
    </Shape>

<Shape>
      <Name>Number5</Name>
      <BitmapFrameNumber>0</BitmapFrameNumber>
      <BitmapTop>254</BitmapTop>
      <BitmapLeft>161</BitmapLeft>
      <BitmapWidth>7</BitmapWidth>
      <BitmapHeight>7</BitmapHeight>
      <DataExtractMode>BlendPixels</DataExtractMode>
    </Shape>

<Shape>
      <Name>Number6</Name>
      <BitmapFrameNumber>0</BitmapFrameNumber>
      <BitmapTop>254</BitmapTop>
      <BitmapLeft>169</BitmapLeft>
      <BitmapWidth>7</BitmapWidth>
      <BitmapHeight>7</BitmapHeight>
      <DataExtractMode>BlendPixels</DataExtractMode>
    </Shape>

<Shape>
      <Name>Number7</Name>
      <BitmapFrameNumber>0</BitmapFrameNumber>
      <BitmapTop>254</BitmapTop>
      <BitmapLeft>177</BitmapLeft>
      <BitmapWidth>7</BitmapWidth>
      <BitmapHeight>7</BitmapHeight>
      <DataExtractMode>BlendPixels</DataExtractMode>
    </Shape>

<Shape>
      <Name>Number8</Name>
      <BitmapFrameNumber>0</BitmapFrameNumber>
      <BitmapTop>254</BitmapTop>
      <BitmapLeft>185</BitmapLeft>
      <BitmapWidth>7</BitmapWidth>
      <BitmapHeight>7</BitmapHeight>
      <DataExtractMode>BlendPixels</DataExtractMode>
    </Shape>

<Shape>
      <Name>Number9</Name>
      <BitmapFrameNumber>0</BitmapFrameNumber>
      <BitmapTop>254</BitmapTop>
      <BitmapLeft>193</BitmapLeft>
      <BitmapWidth>7</BitmapWidth>
      <BitmapHeight>7</BitmapHeight>
      <DataExtractMode>BlendPixels</DataExtractMode>
    </Shape>

<Shape>
      <Name>Colon</Name>
      <BitmapFrameNumber>0</BitmapFrameNumber>
      <BitmapTop>254</BitmapTop>
      <BitmapLeft>201</BitmapLeft>
      <BitmapWidth>7</BitmapWidth>
      <BitmapHeight>7</BitmapHeight>
      <DataExtractMode>BlendPixels</DataExtractMode>
    </Shape>

<Shape>
      <Name>Semi-Colon</Name>
      <BitmapFrameNumber>0</BitmapFrameNumber>
      <BitmapTop>254</BitmapTop>
      <BitmapLeft>209</BitmapLeft>
      <BitmapWidth>7</BitmapWidth>
      <BitmapHeight>7</BitmapHeight>
      <DataExtractMode>BlendPixels</DataExtractMode>
    </Shape>

<Shape>
      <Name>LessThan</Name>
      <BitmapFrameNumber>0</BitmapFrameNumber>
      <BitmapTop>254</BitmapTop>
      <BitmapLeft>217</BitmapLeft>
      <BitmapWidth>7</BitmapWidth>
      <BitmapHeight>7</BitmapHeight>
      <DataExtractMode>BlendPixels</DataExtractMode>
    </Shape>

<Shape>
      <Name>Equals</Name>
      <BitmapFrameNumber>0</BitmapFrameNumber>
      <BitmapTop>254</BitmapTop>
      <BitmapLeft>225</BitmapLeft>
      <BitmapWidth>7</BitmapWidth>
      <BitmapHeight>7</BitmapHeight>
      <DataExtractMode>BlendPixels</DataExtractMode>
    </Shape>

<Shape>
      <Name>GreaterThan</Name>
      <BitmapFrameNumber>0</BitmapFrameNumber>
      <BitmapTop>254</BitmapTop>
      <BitmapLeft>233</BitmapLeft>
      <BitmapWidth>7</BitmapWidth>
      <BitmapHeight>7</BitmapHeight>
      <DataExtractMode>BlendPixels</DataExtractMode>
    </Shape>

<Shape>
      <Name>QuestionMark</Name>
      <BitmapFrameNumber>0</BitmapFrameNumber>
      <BitmapTop>254</BitmapTop>
      <BitmapLeft>241</BitmapLeft>
      <BitmapWidth>7</BitmapWidth>
      <BitmapHeight>7</BitmapHeight>
      <DataExtractMode>BlendPixels</DataExtractMode>
    </Shape>

<Shape>
      <Name>AtSymbol</Name>
      <BitmapFrameNumber>0</BitmapFrameNumber>
      <BitmapTop>254</BitmapTop>
      <BitmapLeft>249</BitmapLeft>
      <BitmapWidth>7</BitmapWidth>
      <BitmapHeight>7</BitmapHeight>
      <DataExtractMode>BlendPixels</DataExtractMode>
    </Shape>

<Shape>
      <Name>LetterA</Name>
      <BitmapFrameNumber>0</BitmapFrameNumber>
      <BitmapTop>254</BitmapTop>
      <BitmapLeft>257</BitmapLeft>
      <BitmapWidth>7</BitmapWidth>
      <BitmapHeight>7</BitmapHeight>
      <DataExtractMode>BlendPixels</DataExtractMode>
    </Shape>

<Shape>
      <Name>LetterB</Name>
      <BitmapFrameNumber>0</BitmapFrameNumber>
      <BitmapTop>254</BitmapTop>
      <BitmapLeft>265</BitmapLeft>
      <BitmapWidth>7</BitmapWidth>
      <BitmapHeight>7</BitmapHeight>
      <DataExtractMode>BlendPixels</DataExtractMode>
    </Shape>

<Shape>
      <Name>LetterC</Name>
      <BitmapFrameNumber>0</BitmapFrameNumber>
      <BitmapTop>254</BitmapTop>
      <BitmapLeft>273</BitmapLeft>
      <BitmapWidth>7</BitmapWidth>
      <BitmapHeight>7</BitmapHeight>
      <DataExtractMode>BlendPixels</DataExtractMode>
    </Shape>

<Shape>
      <Name>LetterD</Name>
      <BitmapFrameNumber>0</BitmapFrameNumber>
      <BitmapTop>254</BitmapTop>
      <BitmapLeft>281</BitmapLeft>
      <BitmapWidth>7</BitmapWidth>
      <BitmapHeight>7</BitmapHeight>
      <DataExtractMode>BlendPixels</DataExtractMode>
    </Shape>

<Shape>
      <Name>LetterE</Name>
      <BitmapFrameNumber>0</BitmapFrameNumber>
      <BitmapTop>254</BitmapTop>
      <BitmapLeft>289</BitmapLeft>
      <BitmapWidth>7</BitmapWidth>
      <BitmapHeight>7</BitmapHeight>
      <DataExtractMode>BlendPixels</DataExtractMode>
    </Shape>

<Shape>
      <Name>LetterF</Name>
      <BitmapFrameNumber>0</BitmapFrameNumber>
      <BitmapTop>254</BitmapTop>
      <BitmapLeft>297</BitmapLeft>
      <BitmapWidth>7</BitmapWidth>
      <BitmapHeight>7</BitmapHeight>
      <DataExtractMode>BlendPixels</DataExtractMode>
    </Shape>

<Shape>
      <Name>LetterG</Name>
      <BitmapFrameNumber>0</BitmapFrameNumber>
      <BitmapTop>254</BitmapTop>
      <BitmapLeft>305</BitmapLeft>
      <BitmapWidth>7</BitmapWidth>
      <BitmapHeight>7</BitmapHeight>
      <DataExtractMode>BlendPixels</DataExtractMode>
    </Shape>

<Shape>
      <Name>LetterH</Name>
      <BitmapFrameNumber>0</BitmapFrameNumber>
      <BitmapTop>254</BitmapTop>
      <BitmapLeft>313</BitmapLeft>
      <BitmapWidth>7</BitmapWidth>
      <BitmapHeight>7</BitmapHeight>
      <DataExtractMode>BlendPixels</DataExtractMode>
    </Shape>

<Shape>
      <Name>LetterI</Name>
      <BitmapFrameNumber>0</BitmapFrameNumber>
      <BitmapTop>254</BitmapTop>
      <BitmapLeft>321</BitmapLeft>
      <BitmapWidth>7</BitmapWidth>
      <BitmapHeight>7</BitmapHeight>
      <DataExtractMode>BlendPixels</DataExtractMode>
    </Shape>

<Shape>
      <Name>LetterJ</Name>
      <BitmapFrameNumber>0</BitmapFrameNumber>
      <BitmapTop>254</BitmapTop>
      <BitmapLeft>329</BitmapLeft>
      <BitmapWidth>7</BitmapWidth>
      <BitmapHeight>7</BitmapHeight>
      <DataExtractMode>BlendPixels</DataExtractMode>
    </Shape>

<Shape>
      <Name>LetterK</Name>
      <BitmapFrameNumber>0</BitmapFrameNumber>
      <BitmapTop>254</BitmapTop>
      <BitmapLeft>337</BitmapLeft>
      <BitmapWidth>7</BitmapWidth>
      <BitmapHeight>7</BitmapHeight>
      <DataExtractMode>BlendPixels</DataExtractMode>
    </Shape>

<Shape>
      <Name>LetterL</Name>
      <BitmapFrameNumber>0</BitmapFrameNumber>
      <BitmapTop>254</BitmapTop>
      <BitmapLeft>345</BitmapLeft>
      <BitmapWidth>7</BitmapWidth>
      <BitmapHeight>7</BitmapHeight>
      <DataExtractMode>BlendPixels</DataExtractMode>
    </Shape>

<Shape>
      <Name>LetterM</Name>
      <BitmapFrameNumber>0</BitmapFrameNumber>
      <BitmapTop>254</BitmapTop>
      <BitmapLeft>353</BitmapLeft>
      <BitmapWidth>7</BitmapWidth>
      <BitmapHeight>7</BitmapHeight>
      <DataExtractMode>BlendPixels</DataExtractMode>
    </Shape>

<Shape>
      <Name>LetterN</Name>
      <BitmapFrameNumber>0</BitmapFrameNumber>
      <BitmapTop>254</BitmapTop>
      <BitmapLeft>361</BitmapLeft>
      <BitmapWidth>7</BitmapWidth>
      <BitmapHeight>7</BitmapHeight>
      <DataExtractMode>BlendPixels</DataExtractMode>
    </Shape>

<Shape>
      <Name>LetterO</Name>
      <BitmapFrameNumber>0</BitmapFrameNumber>
      <BitmapTop>254</BitmapTop>
      <BitmapLeft>369</BitmapLeft>
      <BitmapWidth>7</BitmapWidth>
      <BitmapHeight>7</BitmapHeight>
      <DataExtractMode>BlendPixels</DataExtractMode>
    </Shape>

<Shape>
      <Name>LetterP</Name>
      <BitmapFrameNumber>0</BitmapFrameNumber>
      <BitmapTop>254</BitmapTop>
      <BitmapLeft>377</BitmapLeft>
      <BitmapWidth>7</BitmapWidth>
      <BitmapHeight>7</BitmapHeight>
      <DataExtractMode>BlendPixels</DataExtractMode>
    </Shape>

<Shape>
      <Name>LetterQ</Name>
      <BitmapFrameNumber>0</BitmapFrameNumber>
      <BitmapTop>254</BitmapTop>
      <BitmapLeft>385</BitmapLeft>
      <BitmapWidth>7</BitmapWidth>
      <BitmapHeight>7</BitmapHeight>
      <DataExtractMode>BlendPixels</DataExtractMode>
    </Shape>

<Shape>
      <Name>LetterR</Name>
      <BitmapFrameNumber>0</BitmapFrameNumber>
      <BitmapTop>254</BitmapTop>
      <BitmapLeft>393</BitmapLeft>
      <BitmapWidth>7</BitmapWidth>
      <BitmapHeight>7</BitmapHeight>
      <DataExtractMode>BlendPixels</DataExtractMode>
    </Shape>

<Shape>
      <Name>LetterS</Name>
      <BitmapFrameNumber>0</BitmapFrameNumber>
      <BitmapTop>254</BitmapTop>
      <BitmapLeft>401</BitmapLeft>
      <BitmapWidth>7</BitmapWidth>
      <BitmapHeight>7</BitmapHeight>
      <DataExtractMode>BlendPixels</DataExtractMode>
    </Shape>

<Shape>
      <Name>LetterT</Name>
      <BitmapFrameNumber>0</BitmapFrameNumber>
      <BitmapTop>254</BitmapTop>
      <BitmapLeft>409</BitmapLeft>
      <BitmapWidth>7</BitmapWidth>
      <BitmapHeight>7</BitmapHeight>
      <DataExtractMode>BlendPixels</DataExtractMode>
    </Shape>

<Shape>
      <Name>LetterU</Name>
      <BitmapFrameNumber>0</BitmapFrameNumber>
      <BitmapTop>254</BitmapTop>
      <BitmapLeft>417</BitmapLeft>
      <BitmapWidth>7</BitmapWidth>
      <BitmapHeight>7</BitmapHeight>
      <DataExtractMode>BlendPixels</DataExtractMode>
    </Shape>

<Shape>
      <Name>LetterV</Name>
      <BitmapFrameNumber>0</BitmapFrameNumber>
      <BitmapTop>254</BitmapTop>
      <BitmapLeft>425</BitmapLeft>
      <BitmapWidth>7</BitmapWidth>
      <BitmapHeight>7</BitmapHeight>
      <DataExtractMode>BlendPixels</DataExtractMode>
    </Shape>

<Shape>
      <Name>LetterW</Name>
      <BitmapFrameNumber>0</BitmapFrameNumber>
      <BitmapTop>254</BitmapTop>
      <BitmapLeft>433</BitmapLeft>
      <BitmapWidth>7</BitmapWidth>
      <BitmapHeight>7</BitmapHeight>
      <DataExtractMode>BlendPixels</DataExtractMode>
    </Shape>

<Shape>
      <Name>LetterX</Name>
      <BitmapFrameNumber>0</BitmapFrameNumber>
      <BitmapTop>254</BitmapTop>
      <BitmapLeft>441</BitmapLeft>
      <BitmapWidth>7</BitmapWidth>
      <BitmapHeight>7</BitmapHeight>
      <DataExtractMode>BlendPixels</DataExtractMode>
    </Shape>

<Shape>
      <Name>LetterY</Name>
      <BitmapFrameNumber>0</BitmapFrameNumber>
      <BitmapTop>254</BitmapTop>
      <BitmapLeft>449</BitmapLeft>
      <BitmapWidth>7</BitmapWidth>
      <BitmapHeight>7</BitmapHeight>
      <DataExtractMode>BlendPixels</DataExtractMode>
    </Shape>

<Shape>
      <Name>LetterZ</Name>
      <BitmapFrameNumber>0</BitmapFrameNumber>
      <BitmapTop>254</BitmapTop>
      <BitmapLeft>457</BitmapLeft>
      <BitmapWidth>7</BitmapWidth>
      <BitmapHeight>7</BitmapHeight>
      <DataExtractMode>BlendPixels</DataExtractMode>
    </Shape>

<Shape>
      <Name>ExclamationLarge</Name>
      <BitmapFrameNumber>0</BitmapFrameNumber>
      <BitmapTop>254</BitmapTop>
      <BitmapLeft>1</BitmapLeft>
      <BitmapWidth>7</BitmapWidth>
      <BitmapHeight>7</BitmapHeight>
      <DataExtractMode>BlendPixels</DataExtractMode>
    </Shape>

<Shape>
      <Name>QuotationMarksLarge</Name>
      <BitmapFrameNumber>0</BitmapFrameNumber>
      <BitmapTop>254</BitmapTop>
      <BitmapLeft>9</BitmapLeft>
      <BitmapWidth>7</BitmapWidth>
      <BitmapHeight>7</BitmapHeight>
      <DataExtractMode>BlendPixels</DataExtractMode>
    </Shape>

<Shape>
      <Name>PoundLarge</Name>
      <BitmapFrameNumber>0</BitmapFrameNumber>
      <BitmapTop>254</BitmapTop>
      <BitmapLeft>17</BitmapLeft>
      <BitmapWidth>7</BitmapWidth>
      <BitmapHeight>7</BitmapHeight>
      <DataExtractMode>BlendPixels</DataExtractMode>
    </Shape>

<Shape>
      <Name>PercentLarge</Name>
      <BitmapFrameNumber>0</BitmapFrameNumber>
      <BitmapTop>254</BitmapTop>
      <BitmapLeft>33</BitmapLeft>
      <BitmapWidth>7</BitmapWidth>
      <BitmapHeight>7</BitmapHeight>
      <DataExtractMode>BlendPixels</DataExtractMode>
    </Shape>

<Shape>
      <Name>ApostropheLarge</Name>
      <BitmapFrameNumber>0</BitmapFrameNumber>
      <BitmapTop>254</BitmapTop>
      <BitmapLeft>49</BitmapLeft>
      <BitmapWidth>7</BitmapWidth>
      <BitmapHeight>7</BitmapHeight>
      <DataExtractMode>BlendPixels</DataExtractMode>
    </Shape>

<Shape>
      <Name>LeftBracketLarge</Name>
      <BitmapFrameNumber>0</BitmapFrameNumber>
      <BitmapTop>254</BitmapTop>
      <BitmapLeft>57</BitmapLeft>
      <BitmapWidth>7</BitmapWidth>
      <BitmapHeight>7</BitmapHeight>
      <DataExtractMode>BlendPixels</DataExtractMode>
    </Shape>

<Shape>
      <Name>RightBracketLarge</Name>
      <BitmapFrameNumber>0</BitmapFrameNumber>
      <BitmapTop>254</BitmapTop>
      <BitmapLeft>65</BitmapLeft>
      <BitmapWidth>7</BitmapWidth>
      <BitmapHeight>7</BitmapHeight>
      <DataExtractMode>BlendPixels</DataExtractMode>
    </Shape>

<Shape>
      <Name>TimesLarge</Name>
      <BitmapFrameNumber>0</BitmapFrameNumber>
      <BitmapTop>254</BitmapTop>
      <BitmapLeft>73</BitmapLeft>
      <BitmapWidth>7</BitmapWidth>
      <BitmapHeight>7</BitmapHeight>
      <DataExtractMode>BlendPixels</DataExtractMode>
    </Shape>

<Shape>
      <Name>PlusLarge</Name>
      <BitmapFrameNumber>0</BitmapFrameNumber>
      <BitmapTop>254</BitmapTop>
      <BitmapLeft>81</BitmapLeft>
      <BitmapWidth>7</BitmapWidth>
      <BitmapHeight>7</BitmapHeight>
      <DataExtractMode>BlendPixels</DataExtractMode>
    </Shape>

<Shape>
      <Name>CommaLarge</Name>
      <BitmapFrameNumber>0</BitmapFrameNumber>
      <BitmapTop>254</BitmapTop>
      <BitmapLeft>89</BitmapLeft>
      <BitmapWidth>7</BitmapWidth>
      <BitmapHeight>7</BitmapHeight>
      <DataExtractMode>BlendPixels</DataExtractMode>
    </Shape>

<Shape>
      <Name>MinusLarge</Name>
      <BitmapFrameNumber>0</BitmapFrameNumber>
      <BitmapTop>254</BitmapTop>
      <BitmapLeft>97</BitmapLeft>
      <BitmapWidth>7</BitmapWidth>
      <BitmapHeight>7</BitmapHeight>
      <DataExtractMode>BlendPixels</DataExtractMode>
    </Shape>

<Shape>
      <Name>PeriodLarge</Name>
      <BitmapFrameNumber>0</BitmapFrameNumber>
      <BitmapTop>254</BitmapTop>
      <BitmapLeft>105</BitmapLeft>
      <BitmapWidth>7</BitmapWidth>
      <BitmapHeight>7</BitmapHeight>
      <DataExtractMode>BlendPixels</DataExtractMode>
    </Shape>

<Shape>
      <Name>ForwardSlashLarge</Name>
      <BitmapFrameNumber>0</BitmapFrameNumber>
      <BitmapTop>254</BitmapTop>
      <BitmapLeft>113</BitmapLeft>
      <BitmapWidth>7</BitmapWidth>
      <BitmapHeight>7</BitmapHeight>
      <DataExtractMode>BlendPixels</DataExtractMode>
    </Shape>

<Shape>
      <Name>NumberLarge0</Name>
      <BitmapFrameNumber>0</BitmapFrameNumber>
      <BitmapTop>254</BitmapTop>
      <BitmapLeft>121</BitmapLeft>
      <BitmapWidth>7</BitmapWidth>
      <BitmapHeight>7</BitmapHeight>
      <DataExtractMode>BlendPixels</DataExtractMode>
    </Shape>

<Shape>
      <Name>NumberLarge1</Name>
      <BitmapFrameNumber>0</BitmapFrameNumber>
      <BitmapTop>254</BitmapTop>
      <BitmapLeft>129</BitmapLeft>
      <BitmapWidth>7</BitmapWidth>
      <BitmapHeight>7</BitmapHeight>
      <DataExtractMode>BlendPixels</DataExtractMode>
    </Shape>

<Shape>
      <Name>NumberLarge2</Name>
      <BitmapFrameNumber>0</BitmapFrameNumber>
      <BitmapTop>254</BitmapTop>
      <BitmapLeft>137</BitmapLeft>
      <BitmapWidth>7</BitmapWidth>
      <BitmapHeight>7</BitmapHeight>
      <DataExtractMode>BlendPixels</DataExtractMode>
    </Shape>

<Shape>
      <Name>NumberLarge3</Name>
      <BitmapFrameNumber>0</BitmapFrameNumber>
      <BitmapTop>254</BitmapTop>
      <BitmapLeft>145</BitmapLeft>
      <BitmapWidth>7</BitmapWidth>
      <BitmapHeight>7</BitmapHeight>
      <DataExtractMode>BlendPixels</DataExtractMode>
    </Shape>

<Shape>
      <Name>NumberLarge4</Name>
      <BitmapFrameNumber>0</BitmapFrameNumber>
      <BitmapTop>254</BitmapTop>
      <BitmapLeft>153</BitmapLeft>
      <BitmapWidth>7</BitmapWidth>
      <BitmapHeight>7</BitmapHeight>
      <DataExtractMode>BlendPixels</DataExtractMode>
    </Shape>

<Shape>
      <Name>NumberLarge5</Name>
      <BitmapFrameNumber>0</BitmapFrameNumber>
      <BitmapTop>254</BitmapTop>
      <BitmapLeft>161</BitmapLeft>
      <BitmapWidth>7</BitmapWidth>
      <BitmapHeight>7</BitmapHeight>
      <DataExtractMode>BlendPixels</DataExtractMode>
    </Shape>

<Shape>
      <Name>NumberLarge6</Name>
      <BitmapFrameNumber>0</BitmapFrameNumber>
      <BitmapTop>254</BitmapTop>
      <BitmapLeft>169</BitmapLeft>
      <BitmapWidth>7</BitmapWidth>
      <BitmapHeight>7</BitmapHeight>
      <DataExtractMode>BlendPixels</DataExtractMode>
    </Shape>

<Shape>
      <Name>NumberLarge7</Name>
      <BitmapFrameNumber>0</BitmapFrameNumber>
      <BitmapTop>254</BitmapTop>
      <BitmapLeft>177</BitmapLeft>
      <BitmapWidth>7</BitmapWidth>
      <BitmapHeight>7</BitmapHeight>
      <DataExtractMode>BlendPixels</DataExtractMode>
    </Shape>

<Shape>
      <Name>NumberLarge8</Name>
      <BitmapFrameNumber>0</BitmapFrameNumber>
      <BitmapTop>254</BitmapTop>
      <BitmapLeft>185</BitmapLeft>
      <BitmapWidth>7</BitmapWidth>
      <BitmapHeight>7</BitmapHeight>
      <DataExtractMode>BlendPixels</DataExtractMode>
    </Shape>

<Shape>
      <Name>NumberLarge9</Name>
      <BitmapFrameNumber>0</BitmapFrameNumber>
      <BitmapTop>254</BitmapTop>
      <BitmapLeft>193</BitmapLeft>
      <BitmapWidth>7</BitmapWidth>
      <BitmapHeight>7</BitmapHeight>
      <DataExtractMode>BlendPixels</DataExtractMode>
    </Shape>

<Shape>
      <Name>ColonLarge</Name>
      <BitmapFrameNumber>0</BitmapFrameNumber>
      <BitmapTop>254</BitmapTop>
      <BitmapLeft>201</BitmapLeft>
      <BitmapWidth>7</BitmapWidth>
      <BitmapHeight>7</BitmapHeight>
      <DataExtractMode>BlendPixels</DataExtractMode>
    </Shape>

<Shape>
      <Name>Semi-ColonLarge</Name>
      <BitmapFrameNumber>0</BitmapFrameNumber>
      <BitmapTop>254</BitmapTop>
      <BitmapLeft>209</BitmapLeft>
      <BitmapWidth>7</BitmapWidth>
      <BitmapHeight>7</BitmapHeight>
      <DataExtractMode>BlendPixels</DataExtractMode>
    </Shape>

<Shape>
      <Name>LessThanLarge</Name>
      <BitmapFrameNumber>0</BitmapFrameNumber>
      <BitmapTop>254</BitmapTop>
      <BitmapLeft>217</BitmapLeft>
      <BitmapWidth>7</BitmapWidth>
      <BitmapHeight>7</BitmapHeight>
      <DataExtractMode>BlendPixels</DataExtractMode>
    </Shape>

<Shape>
      <Name>EqualsLarge</Name>
      <BitmapFrameNumber>0</BitmapFrameNumber>
      <BitmapTop>254</BitmapTop>
      <BitmapLeft>225</BitmapLeft>
      <BitmapWidth>7</BitmapWidth>
      <BitmapHeight>7</BitmapHeight>
      <DataExtractMode>BlendPixels</DataExtractMode>
    </Shape>

<Shape>
      <Name>GreaterThanLarge</Name>
      <BitmapFrameNumber>0</BitmapFrameNumber>
      <BitmapTop>254</BitmapTop>
      <BitmapLeft>233</BitmapLeft>
      <BitmapWidth>7</BitmapWidth>
      <BitmapHeight>7</BitmapHeight>
      <DataExtractMode>BlendPixels</DataExtractMode>
    </Shape>

<Shape>
      <Name>QuestionMarkLarge</Name>
      <BitmapFrameNumber>0</BitmapFrameNumber>
      <BitmapTop>254</BitmapTop>
      <BitmapLeft>241</BitmapLeft>
      <BitmapWidth>7</BitmapWidth>
      <BitmapHeight>7</BitmapHeight>
      <DataExtractMode>BlendPixels</DataExtractMode>
    </Shape>

<Shape>
      <Name>AtSymbolLarge</Name>
      <BitmapFrameNumber>0</BitmapFrameNumber>
      <BitmapTop>254</BitmapTop>
      <BitmapLeft>249</BitmapLeft>
      <BitmapWidth>7</BitmapWidth>
      <BitmapHeight>7</BitmapHeight>
      <DataExtractMode>BlendPixels</DataExtractMode>
    </Shape>


<Shape>
      <Name>LetterLargeA</Name>
      <BitmapFrameNumber>0</BitmapFrameNumber>
      <BitmapTop>262</BitmapTop>
      <BitmapLeft>257</BitmapLeft>
      <BitmapWidth>7</BitmapWidth>
      <BitmapHeight>8</BitmapHeight>
      <DataExtractMode>BlendPixels</DataExtractMode>
    </Shape>

<Shape>
      <Name>LetterLargeB</Name>
      <BitmapFrameNumber>0</BitmapFrameNumber>
      <BitmapTop>262</BitmapTop>
      <BitmapLeft>265</BitmapLeft>
      <BitmapWidth>7</BitmapWidth>
      <BitmapHeight>8</BitmapHeight>
      <DataExtractMode>BlendPixels</DataExtractMode>
    </Shape>

<Shape>
      <Name>LetterLargeC</Name>
      <BitmapFrameNumber>0</BitmapFrameNumber>
      <BitmapTop>262</BitmapTop>
      <BitmapLeft>273</BitmapLeft>
      <BitmapWidth>7</BitmapWidth>
      <BitmapHeight>8</BitmapHeight>
      <DataExtractMode>BlendPixels</DataExtractMode>
    </Shape>

<Shape>
      <Name>LetterLargeD</Name>
      <BitmapFrameNumber>0</BitmapFrameNumber>
      <BitmapTop>262</BitmapTop>
      <BitmapLeft>281</BitmapLeft>
      <BitmapWidth>7</BitmapWidth>
      <BitmapHeight>8</BitmapHeight>
      <DataExtractMode>BlendPixels</DataExtractMode>
    </Shape>

<Shape>
      <Name>LetterLargeE</Name>
      <BitmapFrameNumber>0</BitmapFrameNumber>
      <BitmapTop>262</BitmapTop>
      <BitmapLeft>289</BitmapLeft>
      <BitmapWidth>7</BitmapWidth>
      <BitmapHeight>8</BitmapHeight>
      <DataExtractMode>BlendPixels</DataExtractMode>
    </Shape>

<Shape>
      <Name>LetterLargeF</Name>
      <BitmapFrameNumber>0</BitmapFrameNumber>
      <BitmapTop>262</BitmapTop>
      <BitmapLeft>297</BitmapLeft>
      <BitmapWidth>7</BitmapWidth>
      <BitmapHeight>8</BitmapHeight>
      <DataExtractMode>BlendPixels</DataExtractMode>
    </Shape>

<Shape>
      <Name>LetterLargeG</Name>
      <BitmapFrameNumber>0</BitmapFrameNumber>
      <BitmapTop>262</BitmapTop>
      <BitmapLeft>305</BitmapLeft>
      <BitmapWidth>7</BitmapWidth>
      <BitmapHeight>8</BitmapHeight>
      <DataExtractMode>BlendPixels</DataExtractMode>
    </Shape>

<Shape>
      <Name>LetterLargeH</Name>
      <BitmapFrameNumber>0</BitmapFrameNumber>
      <BitmapTop>262</BitmapTop>
      <BitmapLeft>313</BitmapLeft>
      <BitmapWidth>7</BitmapWidth>
      <BitmapHeight>8</BitmapHeight>
      <DataExtractMode>BlendPixels</DataExtractMode>
    </Shape>

<Shape>
      <Name>LetterLargeI</Name>
      <BitmapFrameNumber>0</BitmapFrameNumber>
      <BitmapTop>262</BitmapTop>
      <BitmapLeft>321</BitmapLeft>
      <BitmapWidth>7</BitmapWidth>
      <BitmapHeight>8</BitmapHeight>
      <DataExtractMode>BlendPixels</DataExtractMode>
    </Shape>

<Shape>
      <Name>LetterLargeJ</Name>
      <BitmapFrameNumber>0</BitmapFrameNumber>
      <BitmapTop>262</BitmapTop>
      <BitmapLeft>329</BitmapLeft>
      <BitmapWidth>7</BitmapWidth>
      <BitmapHeight>8</BitmapHeight>
      <DataExtractMode>BlendPixels</DataExtractMode>
    </Shape>

<Shape>
      <Name>LetterLargeK</Name>
      <BitmapFrameNumber>0</BitmapFrameNumber>
      <BitmapTop>262</BitmapTop>
      <BitmapLeft>337</BitmapLeft>
      <BitmapWidth>7</BitmapWidth>
      <BitmapHeight>8</BitmapHeight>
      <DataExtractMode>BlendPixels</DataExtractMode>
    </Shape>

<Shape>
      <Name>LetterLargeL</Name>
      <BitmapFrameNumber>0</BitmapFrameNumber>
      <BitmapTop>262</BitmapTop>
      <BitmapLeft>345</BitmapLeft>
      <BitmapWidth>7</BitmapWidth>
      <BitmapHeight>8</BitmapHeight>
      <DataExtractMode>BlendPixels</DataExtractMode>
    </Shape>

<Shape>
      <Name>LetterLargeM</Name>
      <BitmapFrameNumber>0</BitmapFrameNumber>
      <BitmapTop>262</BitmapTop>
      <BitmapLeft>353</BitmapLeft>
      <BitmapWidth>7</BitmapWidth>
      <BitmapHeight>8</BitmapHeight>
      <DataExtractMode>BlendPixels</DataExtractMode>
    </Shape>

<Shape>
      <Name>LetterLargeN</Name>
      <BitmapFrameNumber>0</BitmapFrameNumber>
      <BitmapTop>262</BitmapTop>
      <BitmapLeft>361</BitmapLeft>
      <BitmapWidth>7</BitmapWidth>
      <BitmapHeight>8</BitmapHeight>
      <DataExtractMode>BlendPixels</DataExtractMode>
    </Shape>

<Shape>
      <Name>LetterLargeO</Name>
      <BitmapFrameNumber>0</BitmapFrameNumber>
      <BitmapTop>262</BitmapTop>
      <BitmapLeft>369</BitmapLeft>
      <BitmapWidth>7</BitmapWidth>
      <BitmapHeight>8</BitmapHeight>
      <DataExtractMode>BlendPixels</DataExtractMode>
    </Shape>

<Shape>
      <Name>LetterLargeP</Name>
      <BitmapFrameNumber>0</BitmapFrameNumber>
      <BitmapTop>262</BitmapTop>
      <BitmapLeft>377</BitmapLeft>
      <BitmapWidth>7</BitmapWidth>
      <BitmapHeight>8</BitmapHeight>
      <DataExtractMode>BlendPixels</DataExtractMode>
    </Shape>

<Shape>
      <Name>LetterLargeQ</Name>
      <BitmapFrameNumber>0</BitmapFrameNumber>
      <BitmapTop>262</BitmapTop>
      <BitmapLeft>385</BitmapLeft>
      <BitmapWidth>7</BitmapWidth>
      <BitmapHeight>8</BitmapHeight>
      <DataExtractMode>BlendPixels</DataExtractMode>
    </Shape>

<Shape>
      <Name>LetterLargeR</Name>
      <BitmapFrameNumber>0</BitmapFrameNumber>
      <BitmapTop>262</BitmapTop>
      <BitmapLeft>393</BitmapLeft>
      <BitmapWidth>7</BitmapWidth>
      <BitmapHeight>8</BitmapHeight>
      <DataExtractMode>BlendPixels</DataExtractMode>
    </Shape>

<Shape>
      <Name>LetterLargeS</Name>
      <BitmapFrameNumber>0</BitmapFrameNumber>
      <BitmapTop>262</BitmapTop>
      <BitmapLeft>401</BitmapLeft>
      <BitmapWidth>7</BitmapWidth>
      <BitmapHeight>8</BitmapHeight>
      <DataExtractMode>BlendPixels</DataExtractMode>
    </Shape>

<Shape>
      <Name>LetterLargeT</Name>
      <BitmapFrameNumber>0</BitmapFrameNumber>
      <BitmapTop>262</BitmapTop>
      <BitmapLeft>409</BitmapLeft>
      <BitmapWidth>7</BitmapWidth>
      <BitmapHeight>8</BitmapHeight>
      <DataExtractMode>BlendPixels</DataExtractMode>
    </Shape>

<Shape>
      <Name>LetterLargeU</Name>
      <BitmapFrameNumber>0</BitmapFrameNumber>
      <BitmapTop>262</BitmapTop>
      <BitmapLeft>417</BitmapLeft>
      <BitmapWidth>7</BitmapWidth>
      <BitmapHeight>8</BitmapHeight>
      <DataExtractMode>BlendPixels</DataExtractMode>
    </Shape>

<Shape>
      <Name>LetterLargeV</Name>
      <BitmapFrameNumber>0</BitmapFrameNumber>
      <BitmapTop>262</BitmapTop>
      <BitmapLeft>425</BitmapLeft>
      <BitmapWidth>7</BitmapWidth>
      <BitmapHeight>8</BitmapHeight>
      <DataExtractMode>BlendPixels</DataExtractMode>
    </Shape>

<Shape>
      <Name>LetterLargeW</Name>
      <BitmapFrameNumber>0</BitmapFrameNumber>
      <BitmapTop>262</BitmapTop>
      <BitmapLeft>433</BitmapLeft>
      <BitmapWidth>7</BitmapWidth>
      <BitmapHeight>8</BitmapHeight>
      <DataExtractMode>BlendPixels</DataExtractMode>
    </Shape>

<Shape>
      <Name>LetterLargeX</Name>
      <BitmapFrameNumber>0</BitmapFrameNumber>
      <BitmapTop>262</BitmapTop>
      <BitmapLeft>441</BitmapLeft>
      <BitmapWidth>7</BitmapWidth>
      <BitmapHeight>8</BitmapHeight>
      <DataExtractMode>BlendPixels</DataExtractMode>
    </Shape>

<Shape>
      <Name>LetterLargeY</Name>
      <BitmapFrameNumber>0</BitmapFrameNumber>
      <BitmapTop>262</BitmapTop>
      <BitmapLeft>449</BitmapLeft>
      <BitmapWidth>7</BitmapWidth>
      <BitmapHeight>8</BitmapHeight>
      <DataExtractMode>BlendPixels</DataExtractMode>
    </Shape>

<Shape>
      <Name>LetterLargeZ</Name>
      <BitmapFrameNumber>0</BitmapFrameNumber>
      <BitmapTop>262</BitmapTop>
      <BitmapLeft>457</BitmapLeft>
      <BitmapWidth>7</BitmapWidth>
      <BitmapHeight>8</BitmapHeight>
      <DataExtractMode>BlendPixels</DataExtractMode>
    </Shape>
  </Shapes>
</ShapeDefinitions>